InStrSpending,Discount,TVSpending,StockRate,Price,Radio,OnlineAdsSpending,Sale
59.9,0.46,46.3,0.45,12.56,1065,1081.6,240368
7.28,0.39,166.91,0.05,5.44,1832,651.24,207276
9.81,0.41,73.67,0.06,3.54,587,1066.56,172572
46.94,0.27,33.95,0.88,28.9,1407,1855.27,82697
2.59,0.26,82.63,0.36,4.66,2057,1608.91,141762
57.08,0.17,160.76,0.93,15.6,1723,2916.29,271990
40.09,0.25,42.25,0.61,10.6,1345,1797.1,186979
38.61,0.07,132.34,0.18,20.88,847,1610.31,176084
4.94,0.41,33.06,0.04,9.76,281,1073.3,98234
51.77,0.24,197.89,0.76,18.66,2577,1281.06,262918
0.31,0.38,75.81,0.48,0.8,1240,2366.6,161146
21.28,0.08,50.18,0.67,2.24,2888,2197.37,192936
32.4,0.15,47.63,0.95,0.6,1502,1630.43,231571
24.26,0.34,152.49,0.13,3.87,1978,969.81,261538
41.37,0.22,100.07,0.69,0.34,915,2986.22,294432
13.71,0.3,33.98,0.44,0.43,1230,1605.98,176874
56.23,0.47,107.11,0.63,19.8,1743,2343.1,213508
56.22,0.21,40.89,0.17,3.83,2562,538.36,288236
12.15,0.03,96.8,0.16,26.78,1632,1506.24,45266
11.19,0.32,20.38,0.08,12.83,1152,2633.61,85558
28.45,0.13,74.78,0.82,23.56,2887,2866.61,88238
49.35,0.19,47.39,0.3,20.06,687,1457.49,159466
20.11,0.18,60.21,0.55,19.01,401,53.35,89318
43.97,0.39,8.38,0.3,0.76,969,2281.65,251450
25.95,0.49,135.7,0.07,1.55,2024,89.09,271385
53.17,0.37,145.67,0.33,8.83,247,806.39,304219
0.59,0.02,176.51,0.06,2.82,2529,1548.41,206719
57.48,0.49,102.82,0.97,24.52,628,157.27,181024
43.49,0.08,196.07,0.79,2.93,363,297.66,340742
46.1,0.4,119.81,0.77,24.86,773,3173.2,155475
37.65,0.27,190.28,0.99,9.76,1104,2851.12,270056
39.83,0.34,149.64,0.99,9.6,364,1464.85,254070
57.34,0.25,49.51,0.53,26.88,800,869.5,135519
45.67,0.04,44.09,0.18,3.12,270,495.49,262077
21.55,0.22,17.68,0.15,24.43,1659,2662.21,41977
47.92,0.21,168.18,0.31,22.13,2941,2186.16,215385
20.85,0.35,30.41,0.31,26.86,2510,2146.33,31616
7.7,0.28,113.55,0.5,5.46,2541,1758.12,170481
4.86,0.28,186.54,0.66,3.6,109,900.73,215805
42.41,0.32,115.34,0.13,22.64,2467,1431.37,161191
23.06,0.12,189.35,0.43,23.14,2259,1376.46,147814
44.25,0.39,53.48,0.1,16.28,2354,2157.74,178450
10.52,0.19,49.93,0.95,18.55,2857,1418.01,58197
58.11,0.05,96.43,0.17,10.41,771,2734.45,281975
41.85,0.48,57.15,0.41,18.36,2140,1134.55,157750
40.87,0.07,71.06,0.62,7.42,779,1194.73,224778
23.03,0.49,116.65,0.75,11.68,1152,856.54,173798
41.56,0.13,160.88,0.18,29.58,1848,960.21,144527
9.6,0.03,177.24,0.11,24,122,1139.82,97877
55.86,0.07,33.47,0.06,14.78,982,1313.6,206207
7.28,0.11,72.51,0.29,0.14,1928,1518.25,183642
39.05,0,28.6,0.06,23.98,2725,3045.45,95580
36.62,0.41,159.66,0.2,29.99,1687,1283.11,130416
49.07,0.14,30.74,0.16,18.88,2102,963.76,160092
47.85,0.23,179.07,0.1,18.29,476,226.23,250925
42.49,0.33,157.86,0.7,7.26,545,674.44,286298
41,0.14,171.75,0.59,3.04,2945,2933.62,322027
29.27,0.45,68.42,0.78,16,1574,403.64,134781
7.87,0.03,100.02,0.25,12.85,2058,2154.94,118446
34.93,0.45,182.76,0.87,26.92,1016,2009.7,148058
13.21,0.26,108.85,0.63,10.13,1016,224.22,150200
22.33,0.2,106.31,0.96,0.39,65,677.75,235796
10.45,0.24,10.07,0.25,13.53,1449,2287.03,72485
7.9,0.14,131.63,0.6,25.85,501,1414.61,50082
28.88,0.39,42.49,0.05,26.99,838,3032.21,63653
47.09,0.15,16.83,0.85,19.54,1096,1730.65,132285
9.82,0.01,35.85,0.54,19.56,1281,615.41,42416
12.34,0.46,70.16,0.28,24.09,350,256.2,47847
0.7,0.3,158.55,0.66,26.32,67,1093.03,46680
41.33,0.17,100.49,0.2,6.93,2283,1035.28,257518
36.46,0.1,79.81,0.48,22.82,2726,2302.04,118455
52.6,0,54.4,0.55,8.04,370,1228.86,249445
32.02,0.22,93,0.02,24.68,257,434.01,108707
21.32,0.21,108.06,0.09,0.39,2202,1820.55,250996
14.33,0.1,3.02,0.13,4.23,2942,3135.86,137962
46.6,0.02,85.79,0.4,28.62,1166,559.31,119786
37.38,0.15,138.47,0.76,13.75,1074,514.75,214070
24.25,0.36,139.93,0.36,26.73,276,599.51,98296
0.19,0.36,80.04,0.74,14.62,1272,1171.29,72157
8.53,0.45,68.68,0.35,28.15,1036,2823.81,14269
39.37,0.14,122.37,0.81,13.6,2824,3095.45,212235
53.05,0.47,101.1,0.89,16.83,1749,1211.85,217948
12.64,0.21,54.39,0.6,19.3,2607,1368.13,63900
56.68,0.03,118.63,0.33,11.29,1094,910.96,283028
5.36,0.03,176.6,0.23,18.7,873,3010.4,119731
59.26,0.3,62.77,0.83,11.24,432,323.73,250916
42.33,0.27,124.26,0.64,5.45,377,990.28,279656
32.88,0.03,166.19,0.99,23.66,2442,860.36,152208
58.16,0.46,6.23,0.57,18.87,1492,1832.87,166535
3.62,0.21,154.56,0.52,7.51,100,2074.42,170712
37.03,0.32,49.8,0.17,22.53,61,1140.99,114963
52.08,0.36,144.92,0.73,2.41,716,1821.54,343367
29.37,0.24,10.37,0.06,21.24,442,745.21,90771
36.11,0.33,161.68,0.74,13.57,28,2705.63,225912
5.74,0.32,74.29,0.31,28.49,1968,1982.66,9036
5.22,0.32,134.57,0.68,24.54,2399,3140.43,55609
16.45,0.14,45.97,0.75,20.03,593,1166.61,60247
51.09,0.15,87.64,0.71,4.59,1399,875.73,289753
19.62,0.15,114.61,0.74,7.78,485,2529.64,189490
48.36,0.04,16.55,0.01,3.41,2299,3154.99,252883
12.94,0.24,139.43,0.42,1.69,693,2565.84,227072
39.47,0.28,119.86,0.14,17.5,1553,2506.11,194077
43.99,0.29,187.81,0.23,28.24,688,2428.38,175813
59.26,0.03,57.53,0.39,29.1,142,2186.97,136226
28.48,0.3,161.33,0.68,26.87,2475,2430.46,118408
40.81,0.41,85.52,0.36,14.68,2305,2548.45,192619
4.14,0.15,78.91,0.33,4.1,1239,1776.95,151071
28.86,0.49,131.9,0.23,16.25,2933,2997.02,178632
48.89,0.17,92.85,0.78,8.12,306,42.5,260823
52.65,0.31,2.75,0.41,5.6,2104,3085.93,236175
32.86,0.25,141.75,0.12,0.76,1013,1596.7,298304
37.99,0.03,112.68,0.8,23.17,919,1851.4,136020
9.01,0.36,42.94,0.11,4.6,2272,2636.47,143800
20.47,0.48,6.01,0.01,24.41,2376,70.34,34991
6.3,0.3,164.28,0.58,15.05,2400,988.54,132598
47.1,0.14,180.48,0.4,25.39,48,1377.1,196352
36,0.12,125.69,0.81,10.78,2868,2641.41,220949
33.01,0.2,96.91,0.65,20.15,2318,2498.18,135953
7.1,0.1,114.79,0.55,2.48,2584,2541.23,187656
31.87,0.25,156.75,0.41,18.96,1320,2374.39,178233
36.84,0.1,92.8,0.91,12.03,1323,2988.91,195409
44.98,0.27,20.51,0.44,26.61,1362,1561.28,85503
55.37,0.06,185.83,0.14,17.15,1502,525.67,285650
35.89,0.36,194.94,0.4,5.26,1244,1678.95,309813
10.83,0.17,146.54,0.89,9.13,534,1297.51,169557
23.63,0.5,55.06,0.4,3.53,155,1157.33,194487
32.53,0.24,83.84,0.64,4.68,1005,1172.12,230924
18.38,0.37,30.09,0.12,4.93,639,1127.14,160106
42.5,0.17,126.05,0.12,27.25,1255,1518.51,143668
22.55,0.25,32.88,0.71,10.26,1787,1765.4,132537
47.21,0.27,131.73,0.34,23.92,1649,611.97,175255
52.1,0.23,8.07,0.55,2.74,1729,1340.59,255333
15.13,0.25,15.36,0.19,5.72,1074,2141.81,139008
15.59,0.43,32.09,0.53,6.79,193,1301.68,137653
59.69,0.15,62.38,0.32,27.89,441,1594.21,150156
55.25,0.3,174.11,0.58,28.91,420,2855.9,191037
30.43,0.01,124.75,0.96,23.69,1151,1021.52,120340
58.15,0.27,149.68,0.43,19.09,1269,1907.34,254624
55.62,0.36,42.16,0.02,4.51,1104,2250.5,281490
24.81,0.37,46.5,0.56,23.07,1961,2570.15,71342
7.66,0.48,97.45,0.68,17.81,709,1307.84,82411
59.65,0.18,111.36,0.81,1.83,1158,266.42,347476
23.67,0.34,23.32,0.35,24.64,2416,2691.51,50418
19.62,0.27,167.63,0.67,15.83,744,103.91,168790
56.24,0.29,70.98,0.64,16.79,188,1789.24,211545
37.96,0.02,61.96,0.68,27.74,953,1352.6,82202
54.54,0.28,53.9,0.44,27.16,2744,2606.8,130898
49.05,0.16,89.81,0.7,8.55,324,23.55,255252
51.72,0.01,113.16,0.39,16.7,2850,1141.67,226931
24.09,0.35,106.26,0.06,25.67,862,251.23,88686
32.22,0.45,18.28,0.09,24.24,2313,1609.2,72899
32.7,0.29,51.07,0.33,13.22,1211,1583.44,156886
9.65,0.24,11.24,0.61,2.71,2135,756.72,129627
53.65,0.37,103.84,0.7,23.84,2413,2965.07,175197
0.56,0.25,183.28,0.34,19.58,1280,1792.37,101119
46.41,0.19,48.68,0.96,8.46,2198,1068.95,217230
47.69,0.48,138.79,0.23,6.73,2686,1484.6,301850
26.92,0.11,193.15,0.17,16.56,2900,871.41,206238
33.64,0.04,124.55,0.96,29.53,1448,116.29,90201
30.15,0.3,104.95,0.36,12.76,845,2993.67,185625
15.49,0.22,51.92,0.57,26.32,1847,762.68,28914
55.67,0.35,86.8,0.17,15.26,85,54.12,235689
24.56,0.15,44.47,0.19,18.93,1716,1300.26,97031
58.49,0.06,178.08,0.38,1.38,2635,2411.12,393914
1.28,0.04,52.86,0.2,5.55,2985,2628.71,119643
2.36,0.19,62.56,0.42,8.8,452,2728.14,108432
18.33,0.43,102.12,0.55,10.89,73,1474.28,158990
18.2,0.39,187.1,0.2,1.99,1848,2794.76,274622
38.2,0.48,115.37,0.88,17.5,2735,225.76,180023
7.96,0.14,175.47,0.08,1.12,2637,2576.38,244496
59.51,0.42,80.64,0.69,7.3,947,1798.75,292330
31.19,0.07,65.06,0.05,23.29,332,982.68,102707
25.67,0.44,173.22,0.58,21.87,468,2018.03,146176
13.1,0.49,30.97,0.77,10.75,1031,993.19,102803
7.95,0.17,135.48,0.78,27.88,309,1862.86,41789
18.68,0.34,55.67,0.27,24.39,306,394.62,55088
21.73,0.28,8.05,0.72,8.91,1717,2194.28,124277
20.05,0.3,179.59,0.43,16.63,2272,1552.23,170390
13.15,0.15,116.74,0.48,8.4,2986,503.05,169485
13,0.11,177.9,0.76,25.87,678,1759.61,87091
28.8,0.35,112.14,0.06,21.07,2718,2176.8,139667
38.98,0.48,191.52,0.34,21.4,477,822.89,206986
16.36,0.01,59.88,0.31,16.66,1860,2473.09,95297
27.08,0.4,134.73,0.59,20.76,2532,1575.57,138118
4.39,0.19,176.58,0.8,5.64,848,1638.2,193032
2.22,0.1,39.8,0.67,18.23,471,3098.65,35009
46.15,0.01,164.71,0.82,11.97,223,709.69,268576
26.04,0.47,46.76,0.85,17.92,1962,1318.46,99872
15.59,0.21,167.7,0,15.32,1321,532.92,169119
4.77,0.25,110.53,0.23,5.17,2436,2699.78,168632
50.52,0.49,85.22,0.04,17.91,2251,1831.31,205285
8.78,0.23,46.89,0.52,7.27,666,669.91,124960
51.07,0.04,148.58,0.73,15.56,1769,1858.46,249394
14.8,0.2,127.08,0.68,7.15,1444,1236.68,186589
55.69,0.38,186.75,0.04,17.42,2782,498.22,284110
42.54,0.33,42.1,0.17,28.62,797,2263.13,86494
26.21,0.36,67.49,0.73,7.39,1920,417.02,185336
30.76,0.26,167.96,0.93,16.84,2263,89.99,188486
44.61,0.42,100.53,0.38,16.07,2669,2795.31,204376
30.94,0.44,100.26,0.6,29.6,687,2083.11,76035
9.52,0.07,187.26,0.54,20.16,2976,1315.02,123671
59.2,0.25,97.02,0.34,19.5,2571,2463.14,220972
34.8,0.3,187.71,0.42,4.18,838,2445.11,310479
31.74,0.24,96.61,0.69,23.25,865,2098.63,114024
10.78,0.17,38.19,0.16,5.87,1484,2995.72,140171
4.41,0.08,179.58,0.54,12.38,1998,540.35,155919
1.15,0.29,132.7,0.19,11.52,1089,2453.92,126932
43.77,0.43,174.14,0.77,24.57,2164,1106.01,184412
2.89,0.1,141.03,0.4,11.25,1733,1639.23,137290
53.88,0.24,77.12,0.9,24.32,757,669.78,154552
41.71,0.04,90.8,0.39,2.28,1061,311.61,278912
40.81,0.18,151.74,0.9,21.11,2911,1747.99,183431
37.91,0.09,31.9,0.44,15.36,138,2764.13,147369
48.18,0,193.55,0.57,1.69,1992,163.92,366558
5.49,0.22,147.74,0.92,24.11,69,3127.8,61410
44.21,0.16,168.02,0.24,11.9,1755,57.86,273008
32.15,0.34,174.13,0.5,22.42,907,1683.03,166722
20.51,0.11,57.84,0.67,3.4,861,23.88,187806
36.21,0.27,44.54,0.44,15.77,847,325.91,147678
4.35,0.32,13.81,0.44,22.22,615,1083.22,5483
29.32,0.37,135.39,0.11,18.19,2745,1554.83,169798
33.32,0.13,124.09,0.28,10.68,428,2617.03,221390
43.41,0.08,161.02,0.27,12.52,2330,3155.77,261429
14.21,0.35,164.48,0.29,6.39,1545,1741.2,219260
5.35,0.02,152.12,0.71,3.59,2022,618.69,197033
14.16,0.19,64.61,0.19,29.72,2964,976.32,16825
25.69,0.12,25.2,0.67,3.84,2558,2042.32,177071
5.73,0.14,133.44,0.22,13.12,102,2304.36,129934
53.65,0.07,132.33,0.27,1.23,2205,2645.98,355017
41.78,0.17,55.26,0.99,24.25,2825,602.57,105098
58.54,0.42,25.1,0.25,7.74,868,768.78,256235
36.38,0.25,13.23,0.54,23.08,472,2656.65,85286
53.53,0.4,68.79,0.23,3.82,1075,1024.96,297762
21.61,0.03,34.14,0.85,22.36,1439,778,52647
32.4,0.42,37.13,1,5.23,942,460.4,194690
10.19,0.22,177.62,0.65,11.16,2084,1474.15,177533
11.11,0.13,134.54,0.57,11.24,1094,1581.99,165427
20.37,0.06,73.91,0.83,23.86,181,2632.5,63009
0.38,0.34,152.89,0.31,1.22,2953,1619.34,203825
3.89,0.2,24.08,0.92,7.74,1365,2782.53,87100
31.1,0.5,196.11,0.33,28.42,86,2105.44,142538
15.28,0.22,131.41,0.24,21.6,1397,1111.32,104670
58.19,0.35,7.8,0.1,22.52,2575,764.3,151747
9.23,0.49,122.66,0.58,2.31,1074,848.55,202653
38.17,0.14,10.12,0.19,4.99,1081,1439.37,208428
16.93,0.44,32.27,0.6,13.38,959,2097.4,99898
13.98,0.03,84.55,0.33,9.35,2827,312.35,148797
20.98,0.26,51.93,0.82,12.72,1882,1572.26,123394
34.92,0.22,179.13,0.4,2.92,662,1315.61,311136
37.57,0.26,34.34,0.93,27.85,899,2485.83,61962
0.3,0.06,112.68,0.24,13.25,880,262.2,102664
11.75,0.31,170.51,0.55,1.36,422,498.72,243261
2.74,0.06,70.88,0.62,10.17,56,826.56,99663
8.01,0.27,163.46,0.55,21.85,1391,2421.73,96528
9.14,0.38,8.01,0.66,7.27,2374,2072.7,101212
8.23,0.32,176.92,0.8,18.73,2463,2308.64,120277
22.4,0.1,121.37,0.69,18.6,1520,174.43,127393
37.09,0.13,90.26,0.16,26.7,283,3030.89,110699
2.49,0.38,152.46,0.6,2.74,2738,2898.92,199366
52.85,0.17,12.8,0.85,22.85,2276,1933.77,121057
50.95,0.39,2.43,0.41,25.99,815,469.17,107868
51.73,0.48,12.51,0.7,9.54,1041,2611.06,214058
46.79,0.14,132.84,0.58,20.73,524,27.58,194902
54,0.25,91.92,1,18.61,2156,2943.34,200610
26.37,0.39,189.43,0.42,1.9,65,2011.21,299259
1.87,0.43,11.55,0.91,14.78,1385,1655.27,37010
24.59,0.17,78.58,0.2,18.09,1908,1582.71,122626
19.48,0.48,59.99,0.99,17.1,2689,3100.21,94807
37.48,0,164.14,0.89,1.64,2201,2497.51,310528
2.12,0.21,50.23,0.31,17.49,455,2141.29,49246
12.03,0.26,138.41,1,28.08,1510,678.66,50439
58.87,0.03,52.05,0.99,0.5,176,2725.06,313444
54.74,0.01,159.25,0.06,11.65,1191,406.75,305355
13.8,0.02,121.55,0.56,15.08,1201,2273.35,128926
58.26,0.03,66.49,0.83,10.99,1177,2928.93,248667
41.54,0.22,181.22,0.36,1.74,2404,2917.71,352197
33.94,0.16,107.67,0.83,9.03,231,556.68,215891
43.32,0.33,79.03,0.92,13.08,1471,376.01,196353
40.01,0.14,88.46,0.92,3.03,2526,863.18,258744
52.29,0.22,101.13,0.19,10.48,2159,2774.44,267387
36.21,0.26,131.81,0.74,13.91,2556,1686.42,206466
45.74,0.4,107.19,0.36,16.62,638,435.38,207978
58.63,0.2,91.03,0.13,8.57,1080,1559.6,292916
11.28,0.14,166.59,0.3,26.89,437,1185.57,78143
18.19,0.18,79.57,0.72,16.11,1101,1721.9,107761
43.06,0.36,39.28,0.73,4.56,2440,1120.02,233621
38.31,0.23,178.17,0.73,7.32,1420,1430,286282
6.98,0.37,4.99,0.67,5.6,1075,2271.16,103188
13.9,0.19,50.62,0.04,14.17,2283,2026.17,103013
49.04,0.35,1.67,0.88,28.88,2051,231.08,72042
12.91,0.34,181.84,0.44,28.19,2488,2821.23,82517
57.78,0.04,172.93,0.4,18.54,640,2010.26,267703
8.38,0.48,141.48,0.07,2.52,2867,2247.68,217186
3.68,0.26,143.21,0.46,17.87,1130,2400.51,97194
5.63,0.27,105.54,0.83,29.6,445,12.54,8549
26.75,0.43,149.67,0.54,19.91,1131,2562.62,153664
27.69,0.49,2.16,0.56,7.55,831,857.75,151333
32.51,0.12,159.34,0.81,28.52,479,2927.47,125102
25.92,0.38,6.53,0.95,19.91,2650,2536.13,65392
3.74,0.15,185.73,0,25.25,1548,1053.04,83589
24.76,0.15,161.09,0.34,4.2,2078,1707.14,260449
5.58,0.45,5.15,0.26,0.67,1820,413.01,138225
45.16,0.12,129.86,0.01,7.26,2734,2837.11,288275
23.96,0.48,184.15,0.33,15.98,1219,1847,194818
16.14,0.39,40.86,0.12,18.45,2682,749.84,76885
59.48,0.4,35.1,0.21,19.23,2760,210,190049
25.27,0.43,83.93,0.63,1.41,282,273.29,229244
40.36,0.38,42.33,0.22,11.23,2268,3198.27,190964
21.21,0.4,61.29,0.72,21.12,2688,303.52,78242
48.71,0.2,91.82,0.55,14.95,1893,745.29,214545
54.93,0.01,13.67,0.3,12.96,1032,935.2,201878
20.22,0.45,180.19,0.95,10.22,402,112.51,210985
59.08,0.22,21.17,0.31,12.02,229,275.57,225967
58.55,0.41,156.39,0.81,28.65,1533,3079.48,191353
41.7,0.05,50.65,0.65,24.28,2347,510.93,110777
10.49,0.27,165.37,0.37,9.71,813,1082.78,182498
31.06,0.14,15.14,0.6,1.08,1868,2904.84,207760
43.98,0.44,164.89,0.08,6.15,2794,2944.12,310338
15.41,0.14,29.46,0.43,14.06,2243,827.38,90600
9.53,0.4,42.23,0.57,20.84,748,788.31,40835
17.57,0.01,44.25,0.5,13.57,1015,167.47,105004
1.99,0.24,180.35,0.35,8.6,1388,2641.71,179119
49.48,0.41,74.22,0.34,28.87,737,1426.84,121121
4.9,0.21,160.9,0.41,4.69,1443,478.02,199495
43.59,0.41,125.96,0.03,2.98,258,1344.8,307291
27.11,0.46,172.44,0.86,10.45,2901,1484.19,229134
20.87,0.27,184.15,0.13,7.55,2104,2267.47,243574
57.95,0.26,122.29,0.25,15.98,1872,1696.17,258589
47.93,0.47,57.49,0.56,26.84,1108,2166.8,115744
41.13,0.44,67.44,0.16,5.08,1008,2344.36,250698
27.13,0.02,46.4,0.34,20.18,1545,2798.07,94206
53.16,0.43,147.58,0.41,7.76,962,2058.97,314584
2.17,0.1,153.89,0.05,2.61,2603,2294.98,205466
25.53,0.33,143.28,0.35,18.48,2341,2799.25,157453
34.02,0.11,3.83,0.91,0.36,1216,1728.7,209804
40.06,0.43,160.56,0.48,29.79,551,2378.73,139837
30.94,0.41,198.14,0.55,22.85,68,2954.52,174375
45.66,0.43,140.43,0.41,0.46,2624,2296.2,336375
6.42,0.32,176.34,0.81,11.6,1624,63.91,160088
22.92,0.18,95.47,0.2,10.06,2607,643.76,179260
20.07,0.47,117.67,0.96,16.99,1148,2748.74,130072
17.85,0.3,111.41,0.36,0.81,2004,3056.56,231910
10.08,0.45,107.6,0.67,23.51,1903,1079.93,59277
27.28,0.3,116.19,0.68,4.29,1168,1204.03,236070
9.57,0.36,13.29,0.94,21.44,1332,2791.66,19264
59.69,0.4,51.74,0.3,27.23,2603,2910.61,146571
33.31,0.08,146.3,0.39,20.04,207,2261.77,171855
27.02,0.19,125.47,0.51,7.57,2497,1157.66,219391
3.51,0.13,151.46,0.34,8.22,372,1300.37,164960
25.57,0.48,100.3,0.93,15.69,258,637.3,142774
10.02,0.33,3.08,0.61,19.13,1777,857.59,30270
18.97,0.08,152.87,0.1,23.75,1467,2312.59,114085
35.67,0.25,72.28,0.78,14.78,1789,3119.23,162156
8.12,0.2,10.26,0.65,17.71,2542,421.47,36176
0.73,0.1,113.59,0.63,27.67,1860,1895.98,15551
39.56,0.43,160.2,0.42,5.45,1614,177.15,299105
26.63,0.42,199.13,0.4,11.12,1401,2567.28,243359
1.82,0.29,188.34,0.87,3.34,1847,327.46,208125
25.05,0.23,40.53,0.63,9.93,459,559.3,146499
39.07,0.44,31.24,0.52,19.48,2679,346.88,121134
41.27,0.44,71.38,0.13,24.52,2880,745.66,125676
38.46,0.01,154.55,0.94,5.13,1191,1503.37,283817
18.44,0.48,151.86,0.91,8.2,2332,1287.23,200798
38.45,0.06,147.81,0.79,9.67,1371,2376.44,250838
50.39,0.17,5.73,0.29,7.36,2970,2863.19,223061
29.29,0.22,57.59,0.25,22.32,1093,1904.89,96264
20.77,0.13,150.15,0.27,24.51,2371,1490.32,110749
28.04,0.25,136.02,0.06,9.76,751,809.08,219589
5.09,0.3,131.74,0.32,26.16,2397,1654.82,46438
56.03,0.19,2.88,0.18,22.57,1381,1128.09,137079
54.11,0.42,65.36,0.19,16.28,478,3036.13,210989
49.55,0.33,88.78,0.51,11.03,881,461.8,240951
29.79,0.25,90.01,0.6,13.04,2810,486.34,169680
48.34,0.11,199.53,0.14,0.33,579,2269.75,387063
45.93,0.09,16.7,0.98,23.98,627,2584.65,98047
33.05,0.33,121.35,0.68,12.81,755,1095.12,197392
12.72,0.48,124.8,0.56,12.1,1388,2061.48,148897
13.43,0.09,142.81,0.07,27.89,1586,2930.61,69181
39.53,0.38,166.57,0.27,4.68,2666,1601.98,314438
32.37,0.43,35.87,0.87,3.66,2569,1353.42,203010
29.22,0.21,77.46,0.01,8.4,2667,1611.9,198736
26.36,0.46,95.12,0.35,5.34,1134,598.1,217594
57.39,0.4,59.27,0.12,21.22,1115,1543.98,184906
7.73,0.31,4.38,0.09,18.97,1781,299.39,33873
42.85,0.04,74.51,0.48,15.49,1796,2983.25,183139
2.2,0.2,199.78,0.25,15.16,2867,826.33,146204
12.06,0.04,0.13,0.33,13.88,2427,1175.49,64612
17.84,0.28,86.55,0.24,4.18,1989,1806.7,197909
11.85,0.13,112.44,0.14,29.91,2658,1169.17,36679
57.91,0.45,123.91,0.39,16.49,2651,1577.7,253951
44.25,0.45,187.66,0.07,4.58,2228,1992.24,341853
33.58,0.24,170.99,0.21,11.27,196,2469.88,245231
14.02,0.35,185.42,0.96,15.1,815,1447.09,161398
36.9,0.32,161.14,0.38,10,348,31.9,259226
38.23,0.4,165.31,0.29,10.37,2697,2596.69,264033
18.62,0.45,83.85,0.41,4.2,188,2814.06,196377
34.05,0.1,77.88,0.57,24.68,1065,2720.42,100723
7.85,0.3,111.47,0.05,5.32,2715,341.83,178087
23.49,0.21,134.22,0.76,22.91,2311,1861.08,112094
29.54,0.21,132.39,0.4,20.49,706,2714.25,150658
8.55,0.32,66.73,0.13,21.06,2997,2594.99,56382
39.53,0.2,129.73,0.55,3.56,24,1492.4,287277
48.04,0,193.61,0.4,3.81,2883,3047.23,351931
50.69,0.5,139.29,0.45,11.1,2757,785.45,275048
53.2,0.39,94.19,0.12,26.32,2777,1233.77,161104
1.95,0.42,82.39,0.12,29,25,1966.4,4863
44.14,0.23,27.09,0.67,27.43,2601,2046,82470
39.1,0.33,78.21,0.02,5.86,759,269.48,246811
47.65,0.19,198.07,0.05,12.76,1417,373.59,299260
52.75,0.45,117.52,0.75,1.91,2300,2799.18,327527
42.54,0.47,44.02,0.83,21.78,2725,44.85,122722
13.47,0.1,48.4,0.5,4.84,919,3089.44,151747
1.07,0.44,54.22,0.6,24.46,739,2912.63,5620
22.11,0.3,46.84,0.32,21.67,2686,3150.64,74832
8.93,0.15,65.04,0.55,11.39,2580,1452.67,108466
36.43,0.18,148.33,0.98,14.76,2475,689.48,206679
38.52,0.3,97.88,0.21,27.8,1105,2676.13,111832
0.73,0.13,62.78,0.68,18.83,2785,1648.62,38196
52.08,0.44,117.39,0.8,3.51,48,3124.77,315591
29.9,0.48,34.19,0.76,3.53,158,2321.5,200703
5.32,0.41,4.74,0.4,18.02,2887,442.87,28181
57.4,0.08,66.88,0.12,27.52,1354,810.24,148487
55.99,0.35,173.68,0.75,11.49,675,2901.97,304892
59.83,0.46,122.11,0.06,4.82,2641,2299.84,345908
50.52,0.02,80.64,0.92,16.95,491,1942.31,194620
7.77,0.44,42.88,0.71,16.18,2086,958.15,62384
23.86,0.15,48.31,0.36,29.19,1540,2489.55,33131
53.32,0.4,54.16,0.29,24.22,2007,320.5,148908
47.32,0.38,20.05,0.79,6.19,602,549.37,220577
27.76,0.04,115.76,0.05,14.2,855,2739.69,177686
44.18,0.16,65.33,0.36,24.79,18,779.09,123079
42.28,0.17,119.37,0.78,24.66,2194,848.15,146265
36.91,0.24,119.04,0.17,4.91,2087,152.9,268209
32.8,0.32,98.51,0.65,7.75,1607,385.54,221399
53.03,0.08,182.91,0.55,9.43,1579,343.84,320793
25.3,0.03,76.56,0.63,17.57,2429,405.77,121011
52.42,0.03,59.46,0.29,11.66,329,1822.39,232121
28.84,0.09,104.29,0.67,10.91,842,1589.58,189217
14.47,0.17,138.21,0.51,10.05,1969,2478.89,174797
47.73,0.08,70.24,0.86,15.96,1131,888.07,190238
35.12,0.49,48.3,0.38,27.16,545,67.68,74472
37,0.06,126.28,0.97,25.59,1244,251.61,123863
59.27,0.29,81.36,0.69,19,931,1602.81,212758
47.85,0.3,101.56,0.88,29.7,989,62.88,118225
47.14,0.4,7.88,0.75,22.14,2881,2420.34,110748
4.86,0.18,34.7,0.05,3.36,151,1466.26,135127
3.43,0.01,72.09,0.64,17.2,41,655.93,57216
18.06,0.39,165.71,0.69,15.89,791,1882.98,163470
38.35,0.16,172.89,0.18,10.53,1053,3020.05,268114
52.48,0.23,41.07,0.93,29.09,1420,1133.01,96849
15.59,0.07,82.24,0.04,16.31,1093,858.52,113309
13.6,0.37,37.05,0.91,5.31,959,2283.54,139411
48.02,0.14,57.14,0.18,10.93,1173,3093.09,224263
39.89,0,91.66,0.8,15.35,989,862.21,181061
4.17,0,43.74,0.75,3.62,2241,1820.2,125801
58.19,0.28,68.38,0.87,2.55,2656,363.67,308471
58.28,0.33,43.74,0.2,3.02,959,3040.89,303058
59.2,0.14,167.42,0.32,1.73,1216,571.26,388244
49.73,0.17,199.23,0.84,27.92,413,1034.06,188904
2.37,0.07,70.59,0.19,6.37,1410,2415.45,128132
12.96,0.13,55.49,0.2,24.3,170,895.25,40447
21.04,0.17,160.71,0.58,16.28,2665,2996.78,165698
25.85,0.08,165.08,0.3,25.75,44,1741.15,126689
4.28,0.49,34.5,0.12,20.9,1850,405.99,29653
44.02,0.11,163.48,0.11,9.04,1929,186.36,291348
36.04,0.24,101.97,0.51,10.68,2379,2064.76,217007
44.25,0.49,13.45,0.95,17.59,2063,2072.06,133679
31.14,0.41,57.3,0.6,20.94,2089,672.38,105735
30.89,0.39,37.54,0.84,0.7,2550,2709.71,218742
1.9,0.4,86.69,0.08,1.55,2354,54.3,170674
17.79,0.48,196.71,0.19,18.2,2707,623.49,173726
41.85,0.36,141.09,0.71,4.35,1236,1382.62,293197
17.09,0.11,194.62,0.75,12.44,2775,1079.08,196462
6.63,0.13,193,0.98,24.07,2699,3153.92,87366
46.26,0.29,108.18,0.76,27.45,1876,2073.7,134266
32.48,0.26,137.03,0.31,4.13,2257,1457.26,272251
50.79,0.46,187.7,0.34,26.94,1986,241.32,204872
16.02,0.24,53.77,0.92,8.55,1917,1155.89,135427
7.69,0.5,186.51,0.38,27.45,1226,2326.92,74981
39.01,0.15,192.67,0.65,20.45,2581,282.06,210875
23.31,0.29,6.35,0.78,28.51,1221,454.98,10677
56.58,0.29,32.24,0.18,4.46,2170,3195.39,276332
27.69,0.47,186.86,0.88,5.36,2703,2230.44,270534
14.35,0.01,52.21,0.92,21.93,2131,2189.47,44571
47.79,0.05,106.5,0.38,8.83,1876,1058.93,263822
43.68,0.03,19.07,0.73,20.65,2624,2382.21,117710
59.96,0.31,35.87,0.68,28.87,1966,537.98,122946
48.1,0.31,13.74,0.63,9.69,220,2131.03,202136
34.31,0.43,2.26,0.48,8.66,2889,1313.92,163143
32.35,0.5,87.95,0.18,25.94,2243,1588.85,101347
43.93,0.12,124.97,0.15,17.96,2131,461.57,214615
52.72,0.41,73.69,0.65,1.11,342,2039.37,308131
5.26,0.38,6.09,0.38,12.95,1986,2383.2,57799
12.11,0.27,185.64,0.99,21.19,1869,2150.59,119558
44.88,0.14,76.92,0.16,5.29,2144,1627.13,263952
43.71,0.09,166.73,0.89,1.97,969,603.2,331853
59.88,0.42,131.35,0.78,17.94,213,2184.55,248282
4,0.48,23.74,0.49,13.86,81,2452.32,61652
3.49,0,198.02,0.51,10.47,226,889.25,175908
48.96,0.12,23.27,0.38,22.5,280,2963.82,126895
40.68,0.36,116.89,0.09,14.92,179,2341.99,211719
24.18,0.03,75.95,0.96,11.94,954,3024.05,145196
15.39,0.31,68.53,0.28,20.15,208,338.58,77782
1.45,0.19,194.76,0.48,19.91,2053,2767.98,106742
24.41,0.02,133.55,0.16,26.06,1628,2000.29,102173
16.61,0.27,164.37,0.57,28.21,990,2773.11,80258
56.44,0.01,180.85,0.45,7.87,825,803.81,344210
55.84,0.33,32.14,0.84,4.82,1552,1908.03,265348
38.75,0.18,13.69,0.11,17.86,2662,1774.79,125297
24.51,0.08,16.23,0.95,25.82,1995,2014.99,30738
34.72,0.46,84.97,0.6,25.69,835,2524.52,103134
43.52,0.44,101.41,0.96,4.89,2262,2045.45,267402
2.6,0.2,60.48,0.67,15.61,1947,1248.76,63239
1.54,0.29,199.45,0.29,9.29,2835,3104.37,181764
41,0.36,40.06,0.59,28.29,1961,181.2,77838
4.84,0.48,186.08,0.15,14.86,1235,1062.4,150668
52.31,0.3,153.3,0.67,19.81,657,1961.97,229804
17.73,0.25,71.84,0.91,17.74,1934,82.68,91813
24.66,0.15,97.57,0.68,0.86,2772,2773.83,238071
14.08,0.33,97.23,0.95,13.42,2064,2315.31,123664
23.77,0.24,70.98,0.03,1.36,1391,3157.02,227403
55.51,0.21,66.81,0.26,5.5,2628,1433.51,285658
17.5,0.26,137.73,0.94,8.81,873,469.15,187345
6.27,0.02,14.82,0.15,6.47,70,1720.26,106021
11.11,0.08,69.5,0.96,27.77,2175,1357.99,14219
15.9,0.33,45.3,0.01,3.74,2500,696.64,171252
49.5,0.29,32.05,0.57,27.43,677,1605.44,101084
31.82,0.42,16.94,0.16,27.6,1017,2468.71,54126
55.92,0.15,49.99,0.32,26.32,1302,2297.82,138562
52.4,0.43,146.3,0.47,20.16,1607,588.2,225261
19.42,0.02,171.76,0.96,26.96,2938,1536.59,95751
19.51,0.29,175.84,0.56,24.1,206,1556.74,121883
4.07,0.38,70.76,0.58,16.66,2187,2602.05,68155
23.82,0.31,13.39,0.54,0.92,569,642.92,187590
41.29,0.02,164.2,0,6.88,2833,1298.29,300443
52.09,0.22,196.22,0.41,24.38,2142,2517.51,226824
7.04,0.33,121.13,0.34,25.53,1260,3161.64,50683
51.86,0.45,43.91,0.06,8.42,1798,2132.5,246309
36.1,0.06,27.43,0.02,25.57,2044,1773.12,79067
48.84,0.12,32.56,0.74,6.05,2400,3010.21,235055
43.84,0.16,35.02,0.86,22.45,2187,2505.36,116680
7.89,0.02,127.27,0.67,11.58,2427,338.55,139394
30.45,0.06,21.08,0.09,5.6,308,1024.05,185444
38.85,0.01,17.02,0.52,11.29,1396,2695.02,161906
7.21,0.44,114.52,0.47,20.87,2003,796.73,72482
27.59,0.19,124.54,0.75,12.36,834,3170.06,189474
39.42,0.43,88.42,0.9,2.75,2870,2028.11,262027
7.51,0.41,23.44,0.51,9.51,2284,1246.05,92646
21.33,0.09,53.19,0.88,24,1689,1674.52,51581
23.92,0,155.05,0.34,15.23,1164,2919.06,185353
52.21,0.27,79.52,0.85,16.4,515,2955.94,201904
52.41,0.06,15.39,0.61,19.27,471,2283.71,150505
35.54,0.07,131.9,0.18,17.26,926,1899.44,187682
25.18,0.01,33.15,0.58,7.96,2830,1993.45,156763
39.68,0.38,86.25,0.08,28.03,922,1227.55,107440
46.03,0.23,120.73,0.82,2.65,2244,851.52,303883
49.65,0.18,180.87,0.72,13.88,2231,1488.89,278205
13.92,0.06,96.64,0.93,13.77,2869,2724.92,118044
1.55,0.34,192.3,0.51,8.66,1443,2648.35,178560
52.26,0.2,70.1,0.08,29.28,2446,1813.95,128522
47.38,0,103.6,0.98,18.35,104,2005.87,189997
50.67,0.49,128.35,0.16,15.43,888,2101,246240
12.81,0.47,36.36,0.13,8.12,2885,1874.09,132768
11.17,0.22,166.47,0.98,10.03,661,1413.93,175761
37.25,0.28,65.35,0.73,18.99,1553,1330.01,136539
27.57,0.04,109.34,0.01,3.32,1607,3189.92,247542
3.42,0.15,105.99,0.82,28.51,981,1688.25,10279
9.06,0.27,32.27,0.61,17.05,1211,414.02,56057
58.13,0.43,175.26,0.28,26.91,1437,1433.87,217686
4.62,0.02,83.63,0.81,17.3,2061,362.34,66449
47.4,0.45,121.66,0.41,12.31,276,3098.94,251271
57.32,0.23,146.6,0.82,11.92,1312,2901.29,291991
15.56,0.42,74.94,0.12,17.85,2553,1025.82,94756
36.66,0.26,54.73,0.66,4.02,1099,2082.32,231173
40.05,0.12,114.86,0.26,11.77,957,2551.75,229473
1.57,0.25,79.54,0.43,14.28,66,284.07,81898
15.46,0.38,177.83,0.44,14.75,2906,2730.51,171241
25.07,0.23,124.73,0.25,10.7,391,523.57,197249
11.07,0.36,61.29,0.97,21.57,664,2868.02,45746
57.05,0.35,102.99,0.31,19.73,253,1737.41,219266
40.83,0.14,0.4,0.5,22.39,1227,3047.24,88328
48.47,0.07,192.18,0.42,2.21,1176,2314.66,365597
41.73,0.43,10.4,0.35,8.43,2006,178.96,189891
45.62,0.41,80.48,0.39,27.19,2494,1890.57,122346
14.25,0.36,138.93,0.18,2.08,2958,1643.26,234070
51.72,0.37,188.89,0.4,5.99,1172,331.12,346981
52.36,0.35,10.11,0,14.89,1025,947.77,186425
42.95,0.06,64.9,0.08,28.84,2521,1619.65,96214
20.76,0.34,54.19,0.8,19.05,918,412.49,83983
55.16,0.11,10.05,0.46,18.17,656,2638.45,163504
33.69,0.33,36.24,0.34,25.05,1430,793,75759
39.51,0.18,133.29,0.4,15.08,1822,1156.93,212938
33.23,0.41,68.08,0.84,8.51,2261,607.79,195623
16.45,0.3,70.85,0.64,11.79,2892,705.51,126391
38.55,0.36,185.29,0.36,15.57,2920,1879.58,241965
2.52,0.36,93.34,0.69,10.39,2226,2928.44,112183
35.78,0.28,83.67,0.27,5.12,2940,1449.23,240732
2.38,0.33,107.13,0.48,27.4,255,143.55,20930
46.92,0.22,119.38,0.87,23.68,313,168.67,164122
48.16,0.12,161.13,0.24,23.13,804,1109.5,203306
42.52,0.23,199.91,0.17,14.95,417,120.21,269006
3.62,0.35,45.87,0.86,17.82,1574,1288.08,43609
59.78,0.36,1.28,0.53,18.72,1013,2734.08,170516
53.22,0.28,142.95,0.76,15.07,2718,2693.17,256720
59.05,0.26,18.41,0.21,8.14,865,2663.65,251434
44.74,0.26,168.84,0.93,12.64,2823,1312.97,259457
3.12,0.26,111.81,0.76,16.22,2424,142.68,86279
49.07,0.45,79.05,0.38,11.2,48,1669.86,238590
39.27,0.44,143.75,0.69,19.49,2063,1705.78,189521
23.77,0.43,144.69,0.97,12.31,1469,2622.97,186558
2.41,0.01,48.3,0.63,18.78,2106,1994.04,36105
35.42,0.25,33.64,0.6,21.48,2265,169.39,99338
40.81,0.13,147.77,0.3,18.34,162,2284.67,207450
34.81,0.08,175.49,0.34,26.14,1271,434.39,152059
52.68,0.2,9.92,0.88,26.9,1993,120.09,96097
50.44,0.21,165.46,0.24,12.26,386,2435.22,285988
35.29,0.4,120.71,0.47,8.06,501,1717.95,243750
52.24,0.14,155.61,0.48,9.57,1137,1510.09,301624
25.94,0.05,16.71,0.9,2.81,328,1202.63,179165
29.81,0.22,171.96,0.77,9.86,1185,2696.12,238256
37.43,0.4,155.41,0.14,27.12,2939,275.63,144500
31.51,0.38,12.51,0.09,3.87,528,2555.05,197797
4.33,0.06,119.43,0.38,14.23,2415,286.31,109038
6.41,0.38,161.8,0.52,18.19,343,609.22,115400
35.54,0.43,13.69,0.56,29.15,2838,2697.43,43333
10.63,0.15,129.9,0.98,28.42,261,1631.12,39530
16.49,0.04,83.72,0.05,0.44,2426,2422.17,220783
7.29,0.39,194.23,0.95,2.56,446,2672.78,230921
55.14,0.05,132.36,0.63,6.15,2750,801.15,315382
49.56,0.25,86,0.25,20.37,44,1493.39,180966
32.97,0.39,53.1,0.98,14.43,354,1921.71,146835
6.25,0.26,115.86,0.31,10.37,1278,1890.77,138201
23.93,0.05,124.53,0.29,4.88,282,2521.71,229978
58.07,0.39,115.53,0.93,15.57,2785,1189.88,248158
37.18,0.41,156.66,0.6,26.84,604,2582.74,140356
51.61,0.19,2,0.95,24.3,1625,2528.27,101059
36.78,0.48,81.55,0.04,28.83,337,213.31,93754
22.05,0.48,69.02,0.44,3.45,2309,126.14,202540
52.1,0.04,126.48,0.82,5.2,1193,317.56,308113
53.69,0.44,131.35,0.94,2.35,1419,1470.6,335083
31.14,0.26,36.57,0.9,13.82,2282,2776.71,133432
4.09,0.26,6.02,0.88,18.32,1808,2372.19,19954
10.02,0.17,13.45,0.12,3.09,867,3089.66,140337
59.47,0.41,116.59,0.85,26.62,853,2919.07,179732
29.93,0.04,158.31,0.39,23.87,2803,1281.14,143127
39.71,0.14,169.02,0.88,8.31,1720,2318.59,274690
41.74,0.16,189.35,0.95,26.05,1521,1908.46,171752
23.55,0.3,94.85,0.65,20.91,2383,22.69,102962
21.99,0.49,118.57,0.74,27.03,1207,1303.71,74219
27.26,0.07,23.98,0.48,4.55,2373,67.32,179844
1.48,0.06,100.63,0.2,2.52,2137,1147.98,165517
40.59,0.35,61.44,0.49,5.15,613,2331.18,237157
48.09,0.15,38.12,0.87,23.82,2443,1768.65,116511
0.45,0.46,187.59,0.41,0.79,1489,779.02,231690
51.8,0.2,147.49,0.42,29.59,702,1899.19,162174
52.71,0.45,121.94,0.21,1.29,1410,201.3,347581
33.25,0.06,86.26,0.01,6.24,357,3014.1,230048
29.75,0.01,164.6,0.22,6.66,1609,2626.72,261574
55.62,0.35,41.51,0.81,11.32,2856,1977.93,224539
28.75,0.38,160.53,0.51,16.08,314,372.26,190421
49.08,0.49,98.22,0.39,25.06,2631,676.82,155879
17.22,0.16,81.93,0.1,17.73,342,520.04,105244
44.56,0.47,94.78,0.59,11.96,1469,840.63,227790
5.95,0.17,150.48,0.32,21.67,2094,18.77,85197
29.5,0.22,41.25,0.45,20.88,1959,764.79,95500
32.48,0.15,64.23,0.59,19.12,654,457.8,122103
49.9,0.08,108.84,0.9,28.1,636,1025.98,136063
37.43,0.24,193.62,0.07,24.44,172,2741.03,186293
16.19,0.39,83.44,0.91,0.55,2479,1188.07,203783
59.8,0.11,18.47,0.84,23.86,969,1638.68,142611
27.31,0.22,3.62,0.39,15.55,254,3089.95,99054
20.75,0.34,190.56,0.5,27.01,1927,2655.81,115518
19.13,0.26,22.66,0.47,1.03,1936,452.43,181147
40.17,0.05,17.4,0.32,27.63,2048,1120.6,67294
59.02,0.42,88.56,0.44,3.73,1604,2742.24,324170
35.27,0.35,157.47,0.22,10.67,947,2875.51,249703
13.8,0.23,150.19,0.08,1.95,546,3026.29,243443
53.71,0.12,20.89,0.38,27.25,681,1721.99,114024
5.8,0.25,158.52,0.65,1.1,2705,2588.16,219372
27.81,0.43,177.22,0.13,2.33,2258,632.61,294684
26.72,0.15,152.17,0.38,25.35,753,1569,121483
19.59,0.07,93.26,0.55,17.35,877,2872.1,116203
48.36,0.1,22.32,0.11,15.74,2770,2946.47,173008
45.49,0.45,1.81,0.05,22.67,377,3197.92,110496
41.53,0.2,74.5,0.22,17.23,492,2843.52,171704
48.57,0.21,91.79,0.9,3.3,2779,1210.61,286686
43.63,0.18,31.3,0.83,13.02,560,290.31,172970
12.35,0.34,82.24,0.08,9.58,2372,2482.77,144844
31.08,0.37,141.89,0.71,6.45,564,765.98,246883
52.13,0.28,135.51,0.83,12.73,126,247.95,264005
21.1,0.15,53.71,0.89,29.1,428,2080.82,24007
47.03,0.02,168.93,0.91,2.57,1721,2821.47,334747
59.78,0.34,39,0.64,3.48,2729,1455.86,292752
38.63,0.16,41.81,0.54,16.12,636,2584.4,150598
28.79,0.33,15.12,0.89,1.36,641,1457.81,197384
18.92,0.22,186.31,0.83,4.5,2180,1969.37,250151
41.4,0.48,52.65,0.68,11.07,1381,1203.81,194710
45.37,0.32,150.05,0.12,21.4,585,1677.62,200159
10.05,0.11,129.66,0.14,23.1,544,479.71,79298
49.36,0.2,91.69,0.23,10.52,1850,1941.49,248711
31.98,0.12,74.91,0.49,18.84,67,1023.11,132836
14.44,0.18,131.28,0.39,12.44,1728,79.42,156624
30.35,0.45,31.36,0.2,19.32,688,27.19,103664
27.63,0.02,110.13,0.94,14.16,125,1471.81,163176
59.55,0.48,58.29,0.75,8.08,317,93.76,268875
11.97,0.23,181.65,0.6,25.66,2793,1750.13,92479
19.4,0.03,114.18,0.78,8.36,2214,2439,180366
23.46,0.43,86.47,0.07,20.9,1334,1574.17,108421
1.33,0.21,38.77,0.13,4.85,2663,3186.06,120406
46.48,0.11,65.64,0.39,11.95,181,271.25,214382
13.24,0.35,166.99,0.05,19.95,726,2130.45,133446
27.23,0.34,133.37,0.04,24.21,164,3037.7,124027
56.2,0.48,113.24,0.49,13.45,230,167.29,262004
24.12,0.21,15.4,0.04,5.88,18,124.82,164015
18.48,0.19,45.78,0.35,2.18,1598,3165.2,185138
12.51,0.07,167.84,0.11,7.38,2647,3136.02,213363
2.31,0.02,79.9,0.07,20.82,1828,2195.49,48654
50.45,0.1,179.68,0.23,19.23,2420,848.73,249702
5.14,0.14,74.43,0.41,5.77,1421,623.82,140870
32.4,0.03,193.99,0.38,20.71,403,456.91,191482
19.46,0.37,159.55,0.11,2.45,87,2777.91,259723
41.37,0.26,108.35,0.91,10.81,421,925.28,226208
4.57,0.45,123.36,0.02,9.7,2591,385.21,146291
37.55,0.06,80.72,0.62,27.28,1680,417.03,95711
20.21,0.48,150.35,0.95,22.14,1656,1658.77,115128
45.66,0,183.01,0.12,5.44,1930,277.18,332658
1.84,0.21,130.83,0.22,2.94,250,1337.55,185083
29.01,0.24,30.99,0.81,10.74,1311,388.39,146017
58.41,0.23,188.22,0.03,21.78,4,2141.66,265078
31.26,0.39,93.61,0.86,6.34,2042,1150.16,217569
56.34,0.08,53.71,0.82,28.18,2153,1719.28,125910
13.48,0.19,136.77,0.27,18.97,1125,722.13,119130
12.24,0.33,85.69,0.24,11.92,887,249.21,132839
45.32,0.18,30.9,0.74,26.72,118,3042.38,94059
50.65,0.18,171.6,0.95,11.68,1140,659.16,286782
59.26,0.44,119.53,0.68,21.21,1545,1225.07,221083
39.52,0.32,28.06,0.09,12.59,1997,810.24,172578
14.02,0.26,122,0.68,5.96,1674,342.49,189152
22.08,0.11,61.69,0.21,10.25,2879,611.4,154636
28.98,0.41,45.22,0.84,2.25,535,2859.23,208318
1.8,0.19,77.85,0.28,21.03,1701,2108.49,44630
20.39,0.06,86.4,0.98,9.14,1829,971.95,160546
40.78,0.23,21.18,0.28,2.22,1135,1400.85,236496
25.82,0.29,28.57,0.66,16.7,218,2191.12,102107
40.99,0.17,10.67,0.73,2.51,2266,1203.11,223158
18.92,0.13,103.74,0.58,13.2,545,334.91,148283
14.98,0.03,134.8,0.68,18.03,2694,2066.97,130240
26.32,0.31,181.57,0.41,19.76,2246,747.81,174196
56.64,0.45,61.36,0.7,24.97,191,1899.79,154523
37.17,0.29,172.6,0.49,17.51,2322,546.6,216714
2.04,0.33,156.75,0.23,8.74,1410,943.42,160634
18.34,0.12,7.85,0.88,17.71,199,965.32,57096
58.55,0.46,54.33,0.86,4.18,2511,1798.86,289758
10.87,0.37,51.29,0.43,25.49,722,1172.96,23819
9.89,0.38,135.16,0.15,5.46,2723,462.2,197816
13.25,0.15,23.51,0.82,7.12,1926,2927.49,119670
28.83,0.48,167.22,0.6,15.34,1007,1992.15,201850
16.42,0.15,87.84,0.09,0.15,667,1443.62,220254
10.86,0.42,119.06,0.39,0.55,477,1714.2,216921
35.58,0.33,39.85,0.6,19,2759,2544.35,119829
22.26,0.18,40.45,0.55,1.36,1173,2303.99,194530
46.79,0.24,144.69,0.15,26.01,356,1972.13,175393
25.57,0.38,32.07,0.11,16.46,2636,1875.95,112255
56.07,0.07,93.82,0.58,11.43,2471,2944.13,260676
17.15,0.33,83.53,0.98,2.01,2944,2885.22,197058
41.76,0.14,117.89,0.89,6.86,1680,676.58,258738
33.74,0.22,43.64,0.15,11.11,1643,2489.31,169774
30.37,0.01,169.62,0.6,4.03,179,1470.77,280359
31.58,0.14,96.8,0.72,12.27,803,2448.48,182370
59.04,0.15,21.07,0.47,26.76,1192,526.61,125241
3.47,0.32,67.99,0.6,24.92,2443,1054.5,16241
15.79,0.18,165.51,0.48,17.61,325,1627.86,147052
10.89,0.38,134.8,0.08,13.52,1233,484.51,145241
57.57,0.23,36.93,0.01,18.6,2758,367.17,190555
23.45,0.44,167.65,0.3,29.4,1502,501.16,94341
31.04,0.05,3.32,0.94,0.33,215,2585.06,200640
45.86,0.32,91.59,0.85,25.17,2597,1314.61,138258
52.31,0.23,164.95,0.96,7.13,595,2016.06,316130
14.52,0.37,168.67,0.4,23.95,1755,1179.92,108356
22.07,0.48,150.77,0.37,13.17,2886,1616.37,187537
57.79,0.39,186.64,0.14,4.63,1264,2847.48,378988
48,0.39,135.49,0.61,24.91,524,2820.03,172596
1.75,0.37,58.48,0.57,21.85,434,1335.63,23162
14.25,0.14,16.91,0.26,13.67,372,2002.69,84115
29.71,0.37,147.58,0.32,21.09,24,2972.04,157073
52.8,0.42,114.25,0.34,1.18,892,1246.19,338730
3.61,0.45,44.1,0.76,6.28,2180,1552.85,110468
24.97,0.31,1.38,0.23,6.97,2590,502.09,149196
51.26,0.35,52.93,0.05,2.83,2973,1261.41,289985
57.78,0.15,22.09,0.4,10.23,740,1657.65,231087
59.53,0.3,110.23,0.83,3.05,1292,233.87,338403
12.01,0,13.31,0.3,15.67,1204,159.55,64120
1.26,0.08,122.79,0.51,27.63,470,3091.27,21741
12.79,0.45,49.07,0.36,17.31,654,1340.56,79009
16.38,0.39,55.05,0.53,21.98,313,570.66,58942
3.47,0.46,18.53,0.63,0.94,1317,1296.63,131631
45.89,0.45,12.48,0.94,21.77,573,2231.78,112554
11.68,0.27,150.24,0.35,24.5,1917,2438.19,85406
37.89,0.24,52.81,0.52,16.37,1834,2241.11,152280
19.98,0.16,73.48,0.25,26.21,2264,2820,53977
55.63,0.36,18.76,0.14,3.22,2169,2986.92,276804
5.9,0.36,10.55,0.86,3.4,1582,1932.14,114407
27.91,0.39,134.55,0.86,5.54,2665,1416.5,240017
10.43,0.16,86.88,0.66,7.48,1865,862.82,150710
7.33,0.02,130.87,0.02,9.86,2441,634.23,157104
22.84,0.32,47.5,0.36,5.2,991,1658.26,179657
57.11,0.48,124.92,0.1,26.63,84,627.14,190403
46.48,0.49,193.94,0.54,22.09,2540,3041.61,225451
26.83,0.33,182.12,0.72,17.12,508,791.88,187837
24.85,0.04,115.58,0.62,11.31,2164,3162.79,184658
21.04,0.33,193.71,0.02,27.66,2897,2011.95,119034
46.78,0.4,1.66,0.26,0.76,409,752.1,256049
46.85,0.17,141.25,0.26,14.15,2486,2218.88,247857
42.98,0.04,106.46,0.16,27.96,1932,374.61,126567
9,0.07,98.56,0.54,1.01,1189,1725.42,195358
27.49,0.35,44.86,0.66,3.2,2451,2388.65,201697
23.82,0.11,123.03,0.19,19.38,1602,916.1,136874
26.26,0.08,113.32,0.31,21.67,1189,131.46,120169
26.99,0.5,132.38,0.51,11.77,522,2929.33,196383
20.3,0.02,23.73,0.41,10.87,2068,3138.44,121197
44.24,0.26,119.22,0.86,22.87,2261,1549.48,163248
33.9,0.09,46.28,0.82,6.66,2302,768.49,194328
6.4,0.31,127.19,1,22.38,1812,2802.99,61240
49.93,0.32,185.42,0.24,9.62,1565,2355.31,316408
13.68,0.04,28.82,0.46,26.3,2842,2698.06,13254
8.85,0.25,120.49,0.74,27,1564,1778.79,43008
14.92,0.01,168.97,0.08,12.87,2253,1765.48,185003
41.7,0.26,78.42,0.63,25.97,258,207.68,113802
48.78,0.03,67.06,0.17,18.4,2659,2056.98,180409
34.7,0.39,128.95,0.65,14.22,2594,818.13,198958
21.3,0.16,55.73,0.37,2.66,2456,664.04,195127
32.67,0.47,55.4,0.55,13.64,1459,1191.38,155986
2.53,0.1,62.58,0.59,0.17,2683,2498.24,158940
0.35,0.07,184.26,0.57,18.83,2731,814.92,101353
18.28,0.14,56.21,0.89,29.47,2583,1729.77,17755
30.5,0.1,175.87,0.7,19.77,1724,2415.78,176910
38.19,0.05,75.09,0.43,18.69,1223,1842.54,153910
56.17,0.29,199.44,0.94,15.94,1706,3073.17,290220
28.56,0.12,86.77,0.1,26.3,1875,203.52,88855
56.66,0.21,11.32,0.67,13.68,404,850.19,197061
43.46,0.07,97.92,0.43,26.9,1202,2088.73,127265
7.84,0.47,49.33,0.43,10.76,516,1359.34,104028
39.4,0.16,6.74,0.88,22.05,2755,2540.66,87385
1.42,0.49,39.03,0.41,4.41,988,2123.17,117597
36.95,0.36,140.91,0.43,19.88,882,630.99,178264
31.62,0.03,89.34,0.72,19.96,1570,1267.37,125714
4.04,0.13,61.56,0.75,2.79,1844,757.51,144404
3.85,0.16,78.37,0.35,17.1,2508,900.11,68096
58.09,0.04,123.26,0.7,19.36,2971,1874.59,230322
57,0.39,188.95,0.23,3.48,2851,2438.81,385301
45.5,0.49,110.67,0.85,19.26,1282,2005.77,185971
45.89,0.2,3.83,0.98,5.61,2508,2124.84,208847
47.87,0.06,97.7,0.59,29.08,236,2675.45,122889
56.62,0.12,3.83,0.81,11.03,2591,317.27,207466
17.23,0.17,135.21,0.85,29.61,1025,779.57,52974
6.06,0.23,37.15,0.42,22.23,2740,191.24,23773
45.3,0.11,70.93,0.15,1.1,209,2842.47,290026
5.27,0.49,77.57,0.87,13.97,2662,279.73,86216
50.52,0.05,181.69,0.31,9.66,2034,1746.4,314955
14.83,0.34,162.99,0.51,2.14,2901,1577.54,242077
47.18,0.01,147.31,0.69,25.89,2524,2995.77,170784
25.42,0.15,145,0.9,17.7,1119,533.72,153999
4.71,0.1,40.69,0.8,17.72,2415,2532.19,41936
6.15,0.33,103,0.13,7.74,1274,1416.62,148499
43.56,0.18,14.02,0.81,28.38,2132,1069.13,65825
25.28,0.03,129.7,0.87,8.43,636,2213.69,207588
38.04,0.11,14.1,0.87,19.36,1184,2439.56,108334
4.06,0.02,165.14,0.85,6.19,2765,1382.77,182641
32.12,0.19,179.11,0.34,3.51,2579,3012.09,298510
44.31,0.48,155.82,0.99,29.1,2284,161.03,144208
34.24,0.17,74.62,0.8,27.19,79,57.69,80703
37.18,0.01,56.32,0.82,7.64,2521,1807.85,205225
50.22,0.09,49.68,0,7.19,288,2611.38,253424
1.09,0.26,163.39,0.63,25.98,2884,2214.17,53899
49.15,0.4,116.14,0.15,16.56,418,558.4,229310
51.68,0.1,122.56,0.78,6.3,595,29.11,299187
13.23,0.29,195.4,0.01,15.68,2952,467.51,173478
58.8,0.24,76.2,0.8,6.74,2111,2505.12,288039
56.56,0.39,90.05,0.73,3.59,1329,2307.37,312327
36.8,0.05,81.63,0.13,21.89,1461,215.31,133576
36.96,0.27,29.29,0.15,8.79,148,866.19,187673
27.14,0.5,43.53,0.97,25.08,2910,2190.19,57588
34.81,0.43,194.68,0.73,27.33,2990,951.09,153180
29.33,0.49,151.35,0.48,18.55,2744,1743.44,172092
39.62,0.12,138.4,0.17,29.55,564,956.56,126489
47.44,0.28,194.14,0.29,14.86,633,2545.85,277854
16.4,0.06,146.48,0.25,25.48,935,2020.94,89841
46.16,0.1,151.41,0.04,22.43,1139,839.28,201977
52.04,0.41,90.87,0.78,8.36,454,3187.92,264661
6.58,0.35,85.99,0.46,26.82,1580,1694.51,23336
41.62,0.36,45.92,0.64,21.37,996,786.62,123992
57.46,0.45,174.81,0.69,14.54,177,1223.56,294288
43.09,0.44,13.4,0.47,12.55,1042,2504.79,170391
37.02,0.34,131.03,0.18,20.33,435,3071.19,174779
40.41,0.08,185.83,0.24,2.44,1015,166.48,339205
29.15,0.4,33.5,0.81,25.15,203,3033.14,59136
8.19,0.31,65.65,0.97,7.2,1425,3140.55,125623
0.66,0.07,11.12,0.99,15.08,2209,1395.43,28649
3.92,0.11,13.5,0.66,20.53,2166,460.38,12198
30.57,0.03,12.36,0.92,4.19,1143,1006.68,177431
42.39,0.17,160.76,0.6,2.56,767,2064.48,320360
50.29,0.1,143.02,0.8,22.6,896,484.05,196349
28.39,0.09,191.97,0.77,0.73,1063,913.29,308652
1.46,0.35,69.3,0.56,15.6,870,533.92,66194
39.31,0.49,146.55,0.79,6.84,824,282.87,274166
10.93,0.41,160.6,0.02,16.63,225,233.28,142926
10.59,0.4,134.49,0.47,14.81,134,2005.61,133762
22.36,0.44,190.3,0.3,0.21,1839,1331.72,299817
36.61,0.28,150.49,0.34,8.16,104,202.41,262531
38.54,0.38,137.61,0.74,19,548,986.73,185953
10.41,0.06,160.29,0.68,29.08,1506,2155.55,52925
34.08,0.45,80.91,0.9,15.74,1716,3149.09,158623
17.92,0.19,54.3,0.25,0.94,1601,1337.5,196415
52.38,0.45,50.09,0.76,21.96,1797,677.49,163447
49.73,0.33,126.46,0.36,1.39,1641,540,334546
42.46,0.36,78.62,0.36,24.89,2558,2618.75,128541
50.66,0,146.99,0.99,9.35,1114,2313.09,284063
26.41,0.26,132.34,0.62,4.11,1996,2217.21,245512
41.55,0.41,190.29,0.58,4.16,2042,2970.79,327681
46.83,0.03,11.4,0.88,4.09,1070,2369.63,228984
37.12,0.05,88.51,0.25,29.57,529,1905.33,84933
34.04,0.42,29.38,0.21,6.86,1302,1173.51,192334
26.92,0.19,84.67,0.56,26.71,1394,169.04,74928
11.13,0.12,111.38,0.33,5.31,415,350.34,182474
17.78,0.38,141.33,0.32,23.17,2567,2555.38,106091
42.97,0.15,65.25,0.25,29.9,13,1122.27,87593
34.95,0.06,164.72,0.65,4.23,2419,2557.06,289857
41.7,0.49,15.79,1,28.95,727,1409.93,58427
11.51,0.31,28.24,0.2,5.07,1027,1800.5,140429
18.71,0.06,63.51,0.66,10.1,2817,789.3,139162
45.08,0.07,98.51,0.07,10.83,45,2747.98,245831
5.88,0.32,106.29,0.75,7.45,749,103.96,144748
8.9,0.23,7.79,0.73,14.83,2439,405.24,53565
13.64,0.38,176.19,0.57,8.32,2248,2676.61,207287
33.47,0.42,159.19,0.3,24.19,1374,996.84,155969
29.82,0.34,6.98,0.83,7.12,1542,1336.67,159309
51.03,0.25,157.48,0.73,1.54,2623,1711.36,350917
13.27,0.02,109.77,0.03,0.62,2570,501.63,224598
28.89,0.45,23.08,0.06,11.55,2543,794.52,147229
4.93,0.28,50.57,0.77,26.1,987,418.03,1992
26.13,0.4,80.38,0.58,15.69,997,495.32,138872
39.02,0.19,150,0.05,1.22,865,423.91,320641
29.89,0.03,134.23,0.81,7.43,771,2571.82,228865
8.11,0.16,133.57,0.51,17.44,1767,3097.17,107676
21.2,0.47,163.75,0.91,17.29,2790,32.15,156583
42.15,0.18,36.69,0.73,10.14,98,1300.68,191869
37.42,0.32,93.26,0.13,9.82,502,260.72,223742
50.39,0.04,16.45,0.93,22.65,2480,2860.71,116892
40.59,0.31,138.18,0.14,14.06,2533,2039.69,232062
36.47,0.42,169.48,0.58,28.49,574,466.01,137638
38.18,0.1,191.62,0.8,0.59,1789,1846.2,338139
45.66,0.35,162.83,0.33,28.1,2962,1877.13,167423
54.04,0.45,139.23,0.22,0.8,246,2795.77,364483
6.34,0.4,176.97,0.42,29.7,819,1783.21,51882
30.73,0.28,118.97,0.06,15.18,821,3100.62,185344
29.2,0.36,37.58,0.54,2.12,897,754.18,211083
10.65,0.48,74.69,0.07,15.73,2305,859.52,96683
52.25,0.24,167.47,0.95,6.71,18,3027.8,323740
29.83,0.14,90.95,0.42,23.31,1556,2420.19,108168
48.3,0.08,109.29,0.35,8.17,411,638.94,271308
35.58,0.42,69.16,0.37,28.45,787,2946.42,78613
48.39,0.14,114.35,0.15,4.68,2612,2428.73,313734
56.68,0.27,140.23,0.22,9.33,1549,2359.78,311484
25.78,0.01,109.97,0.21,1.54,1105,431.93,251534
14.83,0.45,109.68,0.58,16.48,572,551.64,116207
22.81,0.1,179.47,0.5,20.54,1040,2568.63,156321
4.33,0.31,20.65,0.78,16.95,2728,1690.17,36272
37.07,0.48,134.96,0.58,16.75,91,1726.92,194891
46.59,0.43,162.93,0.63,23.27,580,2575.89,194625
55.46,0.47,137.09,0.67,8.76,2576,807.43,305324
43.15,0.03,148.45,0.13,22.74,433,3132.63,185879
46.22,0.46,167.58,0.48,0.28,1273,1810.73,357526
19.15,0.13,134.3,0.74,17.77,421,2902.35,131070
21.01,0.2,86.72,0.03,3.24,1445,2087.3,214513
35.58,0.4,139.79,0.51,8.46,2864,1291.26,251300
4.81,0.25,144.55,0.28,13.17,2569,1734.45,137823
52.12,0.4,83.16,0.68,28.21,254,3090.68,131020
2.5,0.22,6.49,0.3,0.54,2561,2958.91,126782
9.12,0.39,2.06,0.42,22.81,1390,1323.73,10742
48.95,0.07,127.54,0.56,8.69,241,2121.15,280158
22.1,0.48,195.67,0.2,12.28,1982,2396.8,223892
52.02,0.32,42.98,0.78,15.09,968,1139.42,193666
35.2,0.2,62.78,0.5,15.42,1169,556.73,153581
43.9,0.2,1.06,0.04,5.2,214,1552.93,216887
39.39,0.46,60.66,0.09,12.57,1465,2705.06,189351
15.94,0.04,49.68,0.14,26.78,1405,523.93,29361
57.33,0.22,195.07,0.09,27.98,1552,2999.94,222730
19.69,0.18,32.6,0.81,26.22,1840,2238.49,26191
19.48,0.23,116.64,0.21,17.53,2156,1564.64,132714
22.79,0.49,39.33,0.26,29.23,503,1020.22,32894
13.84,0.14,37.71,0.33,23.13,2902,1201.03,39091
7.81,0.19,78.55,0.62,23.4,1820,653.62,37290